Pregnancies,Glucose,BloodPressure,SkinThickness,Insulin,BMI,DiabetesPedigreeFunction,Age,Outcome
13,145,88,82,435,65.02812403882076,0.7397727254579299,33,1
12,112,23,88,91,53.38948386679216,1.350566364707166,51,1
12,112,23,88,91,53.38948386679216,1.350566364707166,51,1
6,100,89,38,144,41.85774760561284,1.4776537732247101,52,1
